{"cameraMode":{"drawMode":0,"name":"Shaded","section":"Shading Mode"},"sceneLighting":false,"audioPlay":false,"sceneViewState":{"showFog":true,"showMaterialUpdate":false,"showSkybox":false,"showFlares":true,"showImageEffects":true,"showParticleSystems":true},"in2DMode":false,"pivot":{"x":56.84880447387695,"y":-115.0301513671875,"z":39.19718933105469},"rotation":{"x":-0.26057982444763186,"y":0.3626893162727356,"z":-0.10637694597244263,"w":-0.8883998394012451},"size":135.1092529296875,"orthographic":false}