{"cameraMode":{"drawMode":0,"name":"Shaded","section":"Shading Mode"},"sceneLighting":false,"audioPlay":false,"sceneViewState":{"showFog":true,"showMaterialUpdate":false,"showSkybox":false,"showFlares":true,"showImageEffects":true,"showParticleSystems":true},"in2DMode":false,"pivot":{"x":79.7615966796875,"y":-229.494384765625,"z":144.68106079101563},"rotation":{"x":-0.024176238104701043,"y":0.9754401445388794,"z":-0.14025723934173585,"w":-0.16814351081848145},"size":2.147899866104126,"orthographic":false}