{"cameraMode":{"drawMode":0,"name":"Shaded","section":"Shading Mode"},"sceneLighting":true,"audioPlay":false,"sceneViewState":{"showFog":true,"showMaterialUpdate":false,"showSkybox":true,"showFlares":true,"showImageEffects":true,"showParticleSystems":true},"in2DMode":false,"pivot":{"x":58.62873077392578,"y":-222.31309509277345,"z":65.39264678955078},"rotation":{"x":0.4066896140575409,"y":0.0013895219890400768,"z":-0.0005612671375274658,"w":0.9136125445365906},"size":41.62356948852539,"orthographic":false}